roses/16209331331_343c899d38.jpg,0,1
roses/5777669976_a205f61e5b.jpg,0,1
roses/4860145119_b1c3cbaa4e_n.jpg,0,1
roses/15011625580_7974c44bce.jpg,0,1
roses/17953368844_be3d18cf30_m.jpg,0,1
roses/8983268106_dc913d17d8_m.jpg,0,1
roses/6803363808_9f9ce98186_m.jpg,0,1
roses/8388497874_1fe750cc95_m.jpg,0,1
roses/14267691818_301aceda07.jpg,0,1
roses/4558025386_2c47314528.jpg,0,1
roses/17990320484_93bba345d2_m.jpg,0,1
roses/4608559939_3487bf3b62_n.jpg,0,1
roses/18599603859_f2ec616ddf_n.jpg,0,1
roses/8723767157_c45bfd3ab6.jpg,0,1
roses/8523394349_61b31fdd8f_m.jpg,0,1
roses/13279526615_a3b0059bec.jpg,0,1
roses/3407482427_49d5c75291_m.jpg,0,1
roses/4684127262_6c3346188d.jpg,0,1
roses/7316409504_7cf3707f8a_m.jpg,0,1
roses/2331651885_619653a5d3.jpg,0,1
roses/3697780051_83e50a6dd1_m.jpg,0,1
roses/1461381091_aaaa663bbe_n.jpg,0,1
roses/5223191368_01aedb6547_n.jpg,0,1
roses/6936225976_a91b60d8c2_m.jpg,0,1
roses/12323085443_8ac0cdb713_n.jpg,0,1
roses/4731069260_b270f47803_n.jpg,0,1
roses/22982871191_ec61e36939_n.jpg,0,1
roses/18389368680_91c24a2087_z.jpg,0,1
roses/9309388105_12c0b8dd54_m.jpg,0,1
roses/6108118824_5b0231a56d.jpg,0,1
roses/8742493689_fb852f0228_n.jpg,0,1
roses/6570546331_ffb9dab0bf_n.jpg,0,1
roses/1446090416_f0cad5fde4.jpg,0,1
roses/12406418663_af20dc225f_n.jpg,0,1
roses/2607130050_9c34310004.jpg,0,1
roses/3052753519_d087aaeacb_n.jpg,0,1
roses/6363976189_e7155e5f9c.jpg,0,1
roses/9458445402_79e4dfa89c.jpg,0,1
roses/3526860692_4c551191b1_m.jpg,0,1
roses/6111589202_8b9555364c_m.jpg,0,1
roses/5231103167_a03280e9f6_n.jpg,0,1
roses/3268459296_a7346c6b2c.jpg,0,1
roses/5083072098_81587295d5.jpg,0,1
roses/2347579838_dd6d2aaefc_n.jpg,0,1
roses/5892908233_6756199a43.jpg,0,1
roses/7455236056_b6d71a8dab.jpg,0,1
roses/6158504080_b844a9ae05.jpg,0,1
roses/14408977935_a397e796b8_m.jpg,0,1
roses/410421672_563550467c.jpg,0,1
roses/2888138918_402096c7fb.jpg,0,1
roses/2501297526_cbd66a3f7e_m.jpg,0,1
roses/488849503_63a290a8c2_m.jpg,0,1
roses/2414954629_3708a1a04d.jpg,0,1
roses/4495885281_fe2a3b671d.jpg,0,1
roses/9164900485_605aa12da8.jpg,0,1
roses/8060338380_eb6c806624_n.jpg,0,1
roses/21522100663_455b77a90c_n.jpg,0,1
roses/3103591125_99107c8bbe_n.jpg,0,1
roses/4648680921_80dfc4f12a.jpg,0,1
roses/19988406792_68201f76e3_n.jpg,0,1
roses/2258973326_03c0145f15_n.jpg,0,1
roses/4724951744_61877ec101_n.jpg,0,1
roses/4910094611_8c7170fc95_n.jpg,0,1
roses/14172324538_2147808483_n.jpg,0,1
roses/509239741_28e2cfe492_m.jpg,0,1
roses/6969041818_a505baa68e_m.jpg,0,1
roses/14019883858_e5d2a0ec10_n.jpg,0,1
roses/8622493424_877ae35ed7.jpg,0,1
roses/7211616670_2d49ecb3a5_m.jpg,0,1
roses/159079265_d77a9ac920_n.jpg,0,1
roses/18563353954_b761d97155_m.jpg,0,1
roses/13235124703_a7e1266e44.jpg,0,1
roses/3072908271_08764c732a_m.jpg,0,1
roses/459042023_6273adc312_n.jpg,0,1
roses/9300754115_dd79670066_n.jpg,0,1
roses/2491600761_7e9d6776e8_m.jpg,0,1
roses/6363951285_a802238d4e.jpg,0,1
roses/5529341024_0c35f2657d.jpg,0,1
roses/15419696882_9394168a10_n.jpg,0,1
roses/145862135_ab710de93c_n.jpg,0,1
roses/8437935944_aab997560a_n.jpg,0,1
roses/8516036987_8a06dfe1b5_n.jpg,0,1
roses/5578766623_542c91dfaa_n.jpg,0,1
roses/15674450867_0ced942941_n.jpg,0,1
roses/20622485918_90fc000c86_n.jpg,0,1
roses/2777518561_105abc8cfc_n.jpg,0,1
roses/7820626638_3e2d712303.jpg,0,1
roses/7187035716_5d0fb95c31_n.jpg,0,1
roses/4723876257_d87b781986.jpg,0,1
roses/3231873181_faf2da6382.jpg,0,1
roses/13264214185_d6aa79b3bd.jpg,0,1
roses/5060536705_b370a5c543_n.jpg,0,1
roses/15681454551_b6f73ce443_n.jpg,0,1
roses/2568105249_15720d081f_n.jpg,0,1
roses/12406229175_82e2ac649c_n.jpg,0,1
roses/2627513944_b1361e60ec_m.jpg,0,1
roses/4504731519_9a260b6607_n.jpg,0,1
roses/15333843782_060cef3030.jpg,0,1
roses/15761264350_4caaf080f6_m.jpg,0,1
roses/2059172936_032ffc12aa.jpg,0,1
roses/1793211631_68c31a74dc.jpg,0,1
roses/19271410704_932d1f2c97_n.jpg,0,1
roses/15699509054_d3e125286f_n.jpg,0,1
roses/5717319579_190e85c7d1_m.jpg,0,1
roses/5736328472_8f25e6f6e7.jpg,0,1
roses/1757822526_fe30b9b3ca_m.jpg,0,1
roses/2093263381_afd51358a3.jpg,0,1
roses/9423755543_edb35141a3_n.jpg,0,1
roses/3203779656_3580151ea4_m.jpg,0,1
roses/172311368_49412f881b.jpg,0,1
roses/7186509956_c37c02fb43_n.jpg,0,1
roses/3494252600_29f26e3ff0_n.jpg,0,1
roses/16643944275_3cd4cd966c.jpg,0,1
roses/15255964274_cf2ecdf702.jpg,0,1
roses/4360743371_6238b36d8c_m.jpg,0,1
roses/7865295712_bcc94d120c.jpg,0,1
roses/16772483324_09f24813a1_n.jpg,0,1
roses/5602220566_5cdde8fa6c_n.jpg,0,1
roses/4765063233_f64440c20b.jpg,0,1
roses/7551637034_55ae047756_n.jpg,0,1
roses/5840476802_dfa40deb1f_m.jpg,0,1
roses/16670921315_0fc48d7ab2_n.jpg,0,1
roses/6676529655_9672b6f955_m.jpg,0,1
roses/8442304572_2fdc9c7547_n.jpg,0,1
roses/2675221506_5286c0595f.jpg,0,1
roses/2408236801_f43c6bcff2.jpg,0,1
roses/16078501836_3ac067e18a.jpg,0,1
roses/9433167170_fa056d3175.jpg,0,1
roses/6053143173_991c011b23.jpg,0,1
roses/5234278003_d827fcd73b_m.jpg,0,1
roses/5212885371_fe27c406a2_n.jpg,0,1
roses/5193918046_d44e4fcd75_m.jpg,0,1
roses/8125886145_ae99f91fd0.jpg,0,1
roses/4325834819_ab56661dcc_m.jpg,0,1
roses/5979193298_639e877248.jpg,0,1
roses/7302931078_30054c1970_n.jpg,0,1
roses/16051111039_0f0626a241_n.jpg,0,1
roses/4797595918_79887b1229_n.jpg,0,1
roses/17062080069_36ac7907d2_n.jpg,0,1
roses/9609569441_eeb8566e94.jpg,0,1
roses/16316557109_7fc55c1cbc_m.jpg,0,1
roses/4243078361_7b92a932cd_n.jpg,0,1
roses/12572786553_634868f7f2_n.jpg,0,1
roses/1813435848_7852708394_n.jpg,0,1
roses/15859434664_67bf3ef29f.jpg,0,1
roses/14993880427_95d0f27257.jpg,0,1
roses/2065522422_cfdd80044a_n.jpg,0,1
roses/180613732_3a7aba0b80_n.jpg,0,1
roses/218630974_5646dafc63_m.jpg,0,1
roses/323872063_7264e7e018_m.jpg,0,1
roses/14687731322_5613f76353.jpg,0,1
roses/6105809987_8f3d7a8d67_n.jpg,0,1
roses/110472418_87b6a3aa98_m.jpg,0,1
roses/229488796_21ac6ee16d_n.jpg,0,1
roses/4609168052_3d4e1d3804_n.jpg,0,1
roses/8036594516_69a7da5f73_m.jpg,0,1
roses/3753920123_c7ebc18ee3.jpg,0,1
roses/8241471746_5d81fdd3c0_n.jpg,0,1
roses/18760363474_a707331322_n.jpg,0,1
roses/22679076_bdb4c24401_m.jpg,0,1
roses/15104537437_f6730b38c3_n.jpg,0,1
roses/5050969148_a0090f762a.jpg,0,1
roses/6163179241_f093f45d95_n.jpg,0,1
roses/483444865_65962cea07_m.jpg,0,1
roses/8209458141_38f38be65c_m.jpg,0,1
roses/14414123198_24606fb32d.jpg,0,1
roses/3475572132_01ae28e834_n.jpg,0,1
roses/850416050_31b3ff7086.jpg,0,1
roses/2535466143_5823e48b63.jpg,0,1
roses/18990187093_09f2bff8fc_m.jpg,0,1
roses/4809566219_88f9a1aea3.jpg,0,1
roses/2265390547_2409007cef_n.jpg,0,1
roses/7502389724_85b4a6c855_n.jpg,0,1
roses/7376473742_532364cee5_n.jpg,0,1
roses/14166797345_d2ab9da518.jpg,0,1
roses/4504220673_af754fcb40_n.jpg,0,1
roses/9353111163_7a89b2df35_n.jpg,0,1
roses/5333437251_ce0aa6925d_n.jpg,0,1
roses/5497730366_44d758d8f5.jpg,0,1
roses/5799616059_0ffda02e54.jpg,0,1
roses/3742155164_14b557a51c_n.jpg,0,1
roses/4951581805_b049304f1b_n.jpg,0,1
roses/4713531680_1110a2fa07_n.jpg,0,1
roses/1445228333_59a07e0801.jpg,0,1
roses/12202373204_34fb07205b.jpg,0,1
roses/3074406590_91c697c805_n.jpg,0,1
roses/6347847065_83cf87333b_n.jpg,0,1
roses/10894627425_ec76bbc757_n.jpg,0,1
roses/3903276582_fe05bf84c7_n.jpg,0,1
roses/7285188160_49d84b95a3_m.jpg,0,1
roses/8337607102_d9e0fa887e.jpg,0,1
roses/2535495431_e6f950443c.jpg,0,1
roses/3208417632_19138d8e35_n.jpg,0,1
roses/4267024012_295e7141a3_n.jpg,0,1
roses/9320934277_4fb95aef5d_n.jpg,0,1
roses/5578760521_e54aca6bed_n.jpg,0,1
roses/4713533500_fcc295de70_n.jpg,0,1
roses/5419629292_2f06e4b295.jpg,0,1
roses/1801614110_bb9fa46830.jpg,0,1
roses/685724528_6cd5cbe203.jpg,0,1
roses/102501987_3cdb8e5394_n.jpg,0,1
roses/16100313047_c2e23cbb3d_n.jpg,0,1
roses/8063462557_e0a8bd6c64_n.jpg,0,1
roses/475936554_a2b38aaa8e.jpg,0,1
roses/4413509121_a62879598a.jpg,0,1
roses/15821959372_518b9dcf57_n.jpg,0,1
roses/7683456068_02644b8382_m.jpg,0,1
roses/15738649506_2b4c2fd933_m.jpg,0,1
roses/4625089819_55c45a189c.jpg,0,1
roses/3873271620_1d9d314f01_n.jpg,0,1
roses/16552686350_db8db55cd2.jpg,0,1
roses/14107161906_5737e0e4ec.jpg,0,1
roses/4900231976_f8ced2b42a_n.jpg,0,1
roses/15999816377_4b95e0b538_n.jpg,0,1
roses/1756973583_4aac7df00d_m.jpg,0,1
roses/7419966772_d6c1c22a81.jpg,0,1
roses/7420699022_60fa574524_m.jpg,0,1
roses/9337528427_3d09b7012b.jpg,0,1
roses/165985535_7178ce6350.jpg,0,1
roses/9404876600_04f6d37685.jpg,0,1
roses/4093390305_4010c736c9.jpg,0,1
roses/15060816740_68e1b2c31b.jpg,0,1
roses/3654988152_b11178bbcb.jpg,0,1
roses/3713368809_eba7fa2fbf_m.jpg,0,1
roses/5172171681_5934378f08.jpg,0,1
roses/23891005905_17ce9e6936.jpg,0,1
roses/8775267816_726ddc6d92_n.jpg,0,1
roses/3655527028_0fab2b547d_n.jpg,0,1
roses/9216321995_83df405ea9.jpg,0,1
roses/2735666555_01d53e74fe.jpg,0,1
roses/3872230296_6c477309f3_n.jpg,0,1
roses/14573732424_1bb91e2e42_n.jpg,0,1
roses/505517255_cfbb6f6394.jpg,0,1
roses/14747962886_2bff6bb323_m.jpg,0,1
roses/3663244576_97f595cf4a.jpg,0,1
roses/14414117598_cf70df30de.jpg,0,1
roses/7525783408_0999483bf4_m.jpg,0,1
roses/5537794501_a0767743fd_n.jpg,0,1
roses/6231418894_7946a7712b_n.jpg,0,1
roses/15697872479_ed48e9dd73_n.jpg,0,1
roses/19919867648_043cf02fc3.jpg,0,1
roses/16484100863_979beacb08.jpg,0,1
roses/8671682526_7058143c99.jpg,0,1
roses/4363734507_5cc4ed6e01.jpg,0,1
roses/3500121696_5b6a69effb_n.jpg,0,1
roses/537625768_791e973b40.jpg,0,1
roses/17302463621_d82be11f01_n.jpg,0,1
roses/16229215579_e7dd808e9c.jpg,0,1
roses/7251352826_69b62cba2c_m.jpg,0,1
roses/3104672186_5f75647448_n.jpg,0,1
roses/5961803532_9368212949_m.jpg,0,1
roses/921138131_9e1393eb2b_m.jpg,0,1
roses/1667199972_7ba7d999c1_m.jpg,0,1
roses/13342823005_16d3df58df_n.jpg,0,1
roses/14176042519_5792b37555.jpg,0,1
roses/5181899042_0a6ffe0c8a_n.jpg,0,1
roses/6125332325_b768e08bd9_n.jpg,0,1
roses/4279989256_9a48c0d194_n.jpg,0,1
roses/3292434691_392071d702_n.jpg,0,1
roses/4242976586_607a8f9843_n.jpg,0,1
roses/24781114_bc83aa811e_n.jpg,0,1
roses/8692051081_dffa8709e7_m.jpg,0,1
roses/4804011140_7defedf4b7_m.jpg,0,1
roses/18376177250_86060cbdc9.jpg,0,1
roses/8562144481_1d629848ff.jpg,0,1
roses/14381787252_e8e12e277a_n.jpg,0,1
roses/12434194695_a7c4e73c6b_n.jpg,0,1
roses/8949720453_66e8304c30.jpg,0,1
roses/9159362388_c6f4cf3812_n.jpg,0,1
roses/2471103806_87ba53d997_n.jpg,0,1
roses/22385375599_1faf334f5d_n.jpg,0,1
roses/3412874275_ca78ee024d_m.jpg,0,1
roses/12562723334_a2e0a9e3c8_n.jpg,0,1
roses/5628552852_60bbe8d9b0_n.jpg,0,1
roses/14880561916_79aeb812fd_n.jpg,0,1
roses/9633056561_6f1b7e8faf_m.jpg,0,1
roses/12338444334_72fcc2fc58_m.jpg,0,1
roses/2949945463_366bc63079_n.jpg,0,1
roses/5148639829_781eb7d346.jpg,0,1
roses/14494590921_3bb1dc7b88_n.jpg,0,1
roses/3065719996_c16ecd5551.jpg,0,1
roses/15277801151_5ed88f40f0_n.jpg,0,1
roses/2364976562_a184463083_m.jpg,0,1
roses/5273722065_c85d8543c2_m.jpg,0,1
roses/18741313803_1bbf842fc6_n.jpg,0,1
roses/18584002386_cec0df537d_n.jpg,0,1
roses/15498482197_8878cdfb07_n.jpg,0,1
roses/16424992340_c1d9eb72b4.jpg,0,1
roses/3292654244_4a220ab96f_m.jpg,0,1
roses/12407768513_3440238148_n.jpg,0,1
roses/2215318403_06eb99176a.jpg,0,1
roses/4735314389_94fe1b2a9f_n.jpg,0,1
roses/15274443248_76b9f3eb24.jpg,0,1
roses/5060519573_c628547e20_n.jpg,0,1
roses/13231224664_4af5293a37.jpg,0,1
roses/17554868955_35f48516cd_m.jpg,0,1
roses/118974357_0faa23cce9_n.jpg,0,1
roses/15951588433_c0713cbfc6_m.jpg,0,1
roses/4575042086_7674b76297_n.jpg,0,1
roses/8050213579_48e1e7109f.jpg,0,1
roses/2423565102_2f1a00bb1b_n.jpg,0,1
roses/5492988531_574cdc2bf0_n.jpg,0,1
roses/15255964454_0a64eb67fa.jpg,0,1
roses/2892056920_918c52889b_m.jpg,0,1
roses/14510185271_b5d75dd98e_n.jpg,0,1
roses/4065283966_9504b98269.jpg,0,1
roses/4702438868_278b9cf41c_n.jpg,0,1
roses/9338237628_4d2547608c.jpg,0,1
roses/16666836810_216f50e9c3_m.jpg,0,1
roses/14145188939_b4de638bd3_n.jpg,0,1
roses/8742493617_c2a9bf854f_m.jpg,0,1
roses/269037241_07fceff56a_m.jpg,0,1
roses/4256169180_55df2048a0.jpg,0,1
roses/2682566502_967e7eaa2a.jpg,0,1
roses/8987479080_32ab912d10_n.jpg,0,1
roses/15949087094_a8f565295c_m.jpg,0,1
roses/12240303_80d87f77a3_n.jpg,0,1
roses/4754734410_94d98463a5.jpg,0,1
roses/8524505868_236f4c94b5.jpg,0,1
roses/19566556880_476c66c5ee_n.jpg,0,1
roses/12165480946_c4a3fe182d_n.jpg,0,1
roses/17449165090_dfb27af360_n.jpg,0,1
roses/16334786972_1b3e71cab8_m.jpg,0,1
roses/4279990882_031482f8b6_n.jpg,0,1
roses/17090993740_fcc8b60b81.jpg,0,1
roses/2713683760_d98cd2a05b_m.jpg,0,1
roses/2265579414_2e00a8f265_n.jpg,0,1
roses/298670754_f25edda891.jpg,0,1
roses/3109712111_75cea2dee6.jpg,0,1
roses/8524505546_b242bd4928_n.jpg,0,1
roses/13929462317_96342a9a44.jpg,0,1
roses/6783408274_974796e92f.jpg,0,1
roses/5086249859_d066b37b8a_m.jpg,0,1
roses/9355706808_a9a723a8e8_n.jpg,0,1
roses/15094168139_8f636ffa1d_n.jpg,0,1
roses/1540738662_7b4152e344_m.jpg,0,1
roses/319298955_0c72bd36bf.jpg,0,1
roses/5960270643_1b8a94822e_m.jpg,0,1
roses/3829990289_c0c3821e4d_m.jpg,0,1
roses/16961613890_695b36aab2_m.jpg,0,1
roses/5570018782_c56bee942f.jpg,0,1
roses/3560426426_1c66cb8330.jpg,0,1
roses/515121050_dcb99890be.jpg,0,1
roses/295257304_de893fc94d.jpg,0,1
roses/13979889721_42a59ca9fa_m.jpg,0,1
roses/2550860627_998a4fc4c1.jpg,0,1
roses/19823402005_2db025dd66_m.jpg,0,1
roses/6255593451_b8a3aa8f7a_m.jpg,0,1
roses/14982802401_a3dfb22afb.jpg,0,1
roses/2536282942_b5ca27577e.jpg,0,1
roses/15750320284_22ef21c682.jpg,0,1
roses/8181940917_1ac63937d5_n.jpg,0,1
roses/3422228549_f147d6e642.jpg,0,1
roses/5835539224_75967fc400_m.jpg,0,1
roses/1831404161_d2df86fd70.jpg,0,1
roses/15802657001_40fe77c030_m.jpg,0,1
roses/2976723295_b16ab04231.jpg,0,1
roses/5721768347_2ec4d2247b_n.jpg,0,1
roses/8960904651_9a0b727258.jpg,0,1
roses/6039330368_c30ed224c4_m.jpg,0,1
roses/4609166128_b7ed49b40b_m.jpg,0,1
roses/16449467833_d82aac5749_m.jpg,0,1
roses/6069602140_866eecf7c2_m.jpg,0,1
roses/15566697073_9a214b700e_n.jpg,0,1
roses/272481307_1eb47ba3e0_n.jpg,0,1
roses/3661675690_ed2d05fa5f_n.jpg,0,1
roses/8524505682_bda885af3a_n.jpg,0,1
roses/12395698413_c0388278f7.jpg,0,1
roses/17158274118_00ec99a23c.jpg,0,1
roses/5863698305_04a4277401_n.jpg,0,1
roses/5897035797_e67bf68124_n.jpg,0,1
roses/8462246855_1bdfee7478.jpg,0,1
roses/15319767030_e6c5602a77_m.jpg,0,1
roses/1562198683_8cd8cb5876_n.jpg,0,1
roses/756943228_e15a7b2318.jpg,0,1
roses/6950609394_c53b8c6ac0_m.jpg,0,1
roses/9216324117_5fa1e2bc25_n.jpg,0,1
roses/1402130395_0b89d76029.jpg,0,1
roses/14943194730_f48b4d4547_n.jpg,0,1
roses/9167147034_0a66ee3616_n.jpg,0,1
roses/3997609936_8db20b7141_n.jpg,0,1
roses/3179751458_9646d839f6_n.jpg,0,1
roses/5089363428_2c5a1272ea.jpg,0,1
roses/4503599544_3822e7d1be.jpg,0,1
roses/466486216_ab13b55763.jpg,0,1
roses/6473543547_4fefdbd5dc.jpg,0,1
roses/909277823_e6fb8cb5c8_n.jpg,0,1
roses/16155980245_6ab8d7b888.jpg,0,1
roses/3667366832_7a8017c528_n.jpg,0,1
roses/3971662839_5cb2963b20_n.jpg,0,1
roses/7304710956_015b41f802_m.jpg,0,1
roses/2863863372_605e29c03e_m.jpg,0,1
roses/2183357362_4b4da4b6b5.jpg,0,1
roses/3465443774_6b0c75a3b1_n.jpg,0,1
roses/15174615529_144ae28bdb_n.jpg,0,1
roses/15712574834_2f121c7cf9_m.jpg,0,1
roses/5159317458_bbb22e2f65_n.jpg,0,1
roses/3624546109_8eb98f0cdb.jpg,0,1
roses/2325232198_751645d0bb_n.jpg,0,1
roses/4644336779_acd973528c.jpg,0,1
roses/15222804561_0fde5eb4ae_n.jpg,0,1
roses/3948347096_42261f047a_m.jpg,0,1
roses/17051448596_69348f7fce_m.jpg,0,1
roses/3115889021_053f3b8e5a.jpg,0,1
roses/3315973481_850d2253e9_n.jpg,0,1
roses/7345657862_689366e79a.jpg,0,1
roses/16339359979_6d742660b8_n.jpg,0,1
roses/18220342690_f1c20134bd.jpg,0,1
roses/8096324039_4db2555490.jpg,0,1
roses/8035908422_87220425d2_n.jpg,0,1
roses/16691277899_9433f39155_n.jpg,0,1
roses/15965652160_de91389965_m.jpg,0,1
roses/326541992_d542103ca8_n.jpg,0,1
roses/4764674741_82b8f93359_n.jpg,0,1
roses/1446097778_97149b8362.jpg,0,1
roses/6241886381_cc722785af.jpg,0,1
roses/2951375433_ae2726d9d2_m.jpg,0,1
roses/12238827553_cf427bfd51_n.jpg,0,1
roses/20409866779_ac473f55e0_m.jpg,0,1
roses/7376471712_e1be793f94.jpg,0,1
roses/2273917656_6d6c038283.jpg,0,1
roses/6690926183_afedba9f15_n.jpg,0,1
roses/15922772266_1167a06620.jpg,0,1
roses/4356781875_92c5cd93c0.jpg,0,1
roses/1775233884_12ff5a124f.jpg,0,1
roses/5398569540_7d134c42cb_n.jpg,0,1
roses/16018886851_c32746cb72.jpg,0,1
roses/2448812029_047d981092_m.jpg,0,1
roses/5061135742_2870a7b691_n.jpg,0,1
roses/20596941736_f2c5f496cf.jpg,0,1
roses/3278709893_ba4956a572_n.jpg,0,1
roses/23232710191_cc57620cd5.jpg,0,1
roses/494803274_f84f21d53a.jpg,0,1
roses/5249439791_196b4e7fc7.jpg,0,1
roses/4248222578_b4d5868b32.jpg,0,1
roses/5088766459_f81f50e57d_n.jpg,0,1
roses/3634244527_e72c47842c_n.jpg,0,1
roses/160954292_6c2b4fda65_n.jpg,0,1
roses/3921794817_276eb4386b.jpg,0,1
roses/1469726748_f359f4a8c5.jpg,0,1
roses/3576488381_611f3446e0_n.jpg,0,1
roses/2197754124_5c8a146761_n.jpg,0,1
roses/3102535578_ec8c12a7b6_m.jpg,0,1
roses/14221192676_eb8c89a7d6_n.jpg,0,1
roses/8642943283_47e44d049d_m.jpg,0,1
roses/3236806990_a90c7bb520_m.jpg,0,1
roses/11944957684_2cc806276e.jpg,0,1
roses/10090824183_d02c613f10_m.jpg,0,1
roses/1949195327_75f76c12b1.jpg,0,1
roses/4921988677_e2eb0c9a24_m.jpg,0,1
roses/99383371_37a5ac12a3_n.jpg,0,1
roses/5731750490_ba3325b7ee_n.jpg,0,1
roses/2535466393_6556afeb2f_m.jpg,0,1
roses/16476788181_0e2ffc719a.jpg,0,1
roses/5073473370_bdbb5a99fc.jpg,0,1
roses/3450344423_63ba3190e3.jpg,0,1
roses/15312360171_57bde98799_n.jpg,0,1
roses/9369421752_db1ab2a6a4_m.jpg,0,1
roses/15977362155_461030c196_m.jpg,0,1
roses/9406573080_60eab9278e_n.jpg,0,1
roses/17165596357_392a12391f.jpg,0,1
roses/15822837396_96b392fda8_m.jpg,0,1
roses/2141413229_3f0425f972_n.jpg,0,1
roses/9216323421_f737c1d50e.jpg,0,1
roses/4694341873_65fe187a4e_n.jpg,0,1
roses/15061894841_e5aca59ecd_n.jpg,0,1
roses/174109630_3c544b8a2f.jpg,0,1
roses/9164924345_6b63637acf.jpg,0,1
roses/19440805164_920b28da61_n.jpg,0,1
roses/4414135084_1ac7e6cd54.jpg,0,1
roses/22506717337_0fd63e53e9.jpg,0,1
roses/15509799653_0562d4a4fa.jpg,0,1
roses/11694025703_9a906fedc1_n.jpg,0,1
roses/5212877807_a3ddf06a7c_n.jpg,0,1
roses/6280787884_141cd7b382_n.jpg,0,1
roses/3253243865_435c1f2c2b_m.jpg,0,1
roses/1392579828_ab5a139052.jpg,0,1
roses/3026375835_a20ecdd140_m.jpg,0,1
roses/7409458444_0bfc9a0682_n.jpg,0,1
roses/6209630964_e8de48fe04_m.jpg,0,1
roses/3045046293_57f6d52065_m.jpg,0,1
roses/8692040971_826614516f_n.jpg,0,1
roses/22093190909_77223e6f53_n.jpg,0,1
roses/5402157745_a384f0583d_n.jpg,0,1
roses/16525204061_9b47be3726_m.jpg,0,1
roses/123128873_546b8b7355_n.jpg,0,1
roses/6036837996_7fbdcdb3c5_n.jpg,0,1
roses/534228982_4afbcece9b_m.jpg,0,1
roses/4553266758_09d4dbdac9_n.jpg,0,1
roses/6655078437_759fd626fd_n.jpg,0,1
roses/14312910041_b747240d56_n.jpg,0,1
roses/3550491463_3eb092054c_m.jpg,0,1
roses/5182167964_9d1a0be0b8_n.jpg,0,1
roses/8590442797_07fa2141c0_n.jpg,0,1
roses/3554620445_082dd0bec4_n.jpg,0,1
roses/16152175716_55d6968e08_n.jpg,0,1
roses/6016195304_75306bb79a.jpg,0,1
roses/898102603_2d5152f09a.jpg,0,1
roses/4918137796_21f0922b0c_n.jpg,0,1
roses/21413573151_e681c6a97a.jpg,0,1
roses/9702378513_229a96b754_m.jpg,0,1
roses/6309548569_932fee8313_m.jpg,0,1
roses/8035910225_125beceb98_n.jpg,0,1
roses/16152205512_9d6cb80fb6.jpg,0,1
roses/8667746487_781af9e615_n.jpg,0,1
roses/4396642388_3081a38875_n.jpg,0,1
roses/2960709681_e95940c0f0_n.jpg,0,1
roses/14414100710_753a36fce9.jpg,0,1
roses/2756028421_b3d5eea526_n.jpg,0,1
roses/5990626258_697f007308_n.jpg,0,1
roses/16258946661_f9739cdc0a.jpg,0,1
roses/6732261031_861a1026fa_n.jpg,0,1
roses/4231745228_ece86330d9.jpg,0,1
roses/873660804_37f5c6a46e_n.jpg,0,1
roses/5206847130_ee4bf0e4de_n.jpg,0,1
roses/4588034197_e300b0872a_n.jpg,0,1
roses/12450781274_eb78723921.jpg,0,1
roses/3141434519_aaa64c4f65_n.jpg,0,1
roses/568715474_bdb64ccc32.jpg,0,1
roses/9298314004_c1a8146521.jpg,0,1
roses/15202632426_d88efb321a_n.jpg,0,1
roses/15602874619_03fd934bed.jpg,0,1
roses/3630246240_4fee9a33db.jpg,0,1
roses/2332478138_28f1d586e4_n.jpg,0,1
roses/5156037859_1673720a11_m.jpg,0,1
roses/21347496068_f4d3339607.jpg,0,1
roses/8644003462_2272de26eb.jpg,0,1
roses/2225411981_6638c3e988.jpg,0,1
roses/2122401867_cd86c5f114_n.jpg,0,1
roses/8032328803_30afac8b07_m.jpg,0,1
roses/3909587261_f8cd3e7fe7.jpg,0,1
roses/353897245_5453f35a8e.jpg,0,1
roses/15172358234_28706749a5.jpg,0,1
roses/16374919860_4e445de29f_n.jpg,0,1
roses/14970973709_968910640e_n.jpg,0,1
roses/1485142251_ca89254442.jpg,0,1
roses/11102341464_508d558dfc_n.jpg,0,1
roses/8502529435_c6e40d0df4.jpg,0,1
roses/4979895172_ca06eba616.jpg,0,1
roses/6867597533_d65d1c39fb_n.jpg,0,1
roses/15236835789_6009b8f33d.jpg,0,1
roses/15032112248_30c5284e54_n.jpg,0,1
roses/16149016979_23ef42b642_m.jpg,0,1
roses/1666341535_99c6f7509f_n.jpg,0,1
roses/4675532860_890504a4a3_m.jpg,0,1
roses/3556123230_936bf084a5_n.jpg,0,1
roses/3871586333_5a708d5cf4_n.jpg,0,1
roses/4292443009_3a2831b0b9_m.jpg,0,1
roses/8853083579_dd1dfa3188.jpg,0,1
roses/15820572326_be2ea4a55c_n.jpg,0,1
roses/2300959680_8d22fa5ee2.jpg,0,1
roses/512694812_48ba9c0b49_n.jpg,0,1
roses/14597445311_8acb60247e.jpg,0,1
roses/5249566718_6109630c83_m.jpg,0,1
roses/3415176946_248afe9f32.jpg,0,1
roses/6879112993_5a29208438_n.jpg,0,1
roses/5360769702_ec28c53b9e_n.jpg,0,1
roses/19153732586_9de58c8f53_n.jpg,0,1
roses/3664842094_5fd60ee26b.jpg,0,1
roses/6347846687_3f0a7c3176.jpg,0,1
roses/22325299158_6e32e599f8_m.jpg,0,1
roses/3264570182_c7ded528ba_m.jpg,0,1
roses/475947979_554062a608_m.jpg,0,1
roses/5487945052_bcb8e9fc8b_m.jpg,0,1
roses/388405293_4db1d71f21_n.jpg,0,1
roses/20825078671_90b0389c70_m.jpg,0,1
roses/3751835302_d5a03f55e8_n.jpg,0,1
roses/15901230359_1819e96b89_n.jpg,0,1
roses/5180896559_b8cfefc21e.jpg,0,1
roses/12243068283_ee4c2683e2_n.jpg,0,1
roses/14683774134_6367640585.jpg,0,1
roses/5332550500_ab341aefd8.jpg,0,1
roses/527513005_41497ca4dc.jpg,0,1
roses/410425647_4586667858.jpg,0,1
roses/17702388233_f29dc14834_m.jpg,0,1
roses/9614492283_66020fb4eb_n.jpg,0,1
roses/15184419268_7230e9728e.jpg,0,1
roses/12240165555_98625b1e88_n.jpg,0,1
roses/1788484468_f73afa6c32_n.jpg,0,1
roses/9160289562_ab2718d19b.jpg,0,1
roses/4881402397_1c664af2f7_n.jpg,0,1
roses/2053476785_c162a3e358.jpg,0,1
roses/14154164774_3b39d36778.jpg,0,1
roses/2788276815_8f730bd942.jpg,0,1
roses/8674140377_ae7b0be523.jpg,0,1
roses/1645761726_2b1be95472.jpg,0,1
roses/6409000675_6eb6806e59.jpg,0,1
roses/21346056089_e6f8074e5f_m.jpg,0,1
roses/4998708839_c53ee536a8_n.jpg,0,1
roses/16157873719_bf0bdf8558_n.jpg,0,1
roses/6347846935_51e3dc2481_n.jpg,0,1
roses/3145692843_d46ba4703c.jpg,0,1
roses/2392457180_f02dab5c65.jpg,0,1
roses/3621011057_0d03bd171b_n.jpg,0,1
roses/3451177763_729a4d54af_n.jpg,0,1
roses/15190665092_5c1c37a066_m.jpg,0,1
roses/3705716290_cb7d803130_n.jpg,0,1
roses/921984328_a60076f070_m.jpg,0,1
roses/12240577184_b0de0e53ea_n.jpg,0,1
roses/17700322054_1c4fdaa034_m.jpg,0,1
roses/512578026_f6e6f2ad26.jpg,0,1
roses/6687138903_ff6ae12758_n.jpg,0,1
roses/16903172207_2cd7aca66a.jpg,0,1
roses/2409069862_b128ee2a71.jpg,0,1
roses/8394286483_69fe04cc7f.jpg,0,1
roses/15186434972_e353da940a.jpg,0,1
roses/394990940_7af082cf8d_n.jpg,0,1
roses/3265902330_d8b1e44545.jpg,0,1
roses/15424480096_45bb574b33.jpg,0,1
roses/12243069253_e512464095_n.jpg,0,1
roses/15537825851_a80b6321d7_n.jpg,0,1
roses/5292988046_a10f4b0365_n.jpg,0,1
roses/6653567281_768a1fd160.jpg,0,1
roses/8926641787_d2515dfe8f_m.jpg,0,1
roses/3276552939_8c31b22d3e.jpg,0,1
roses/11233672494_d8bf0a3dbf_n.jpg,0,1
roses/5526964611_76ef13025c_n.jpg,0,1
roses/3742168238_d961937e68_n.jpg,0,1
roses/16545641666_2781e542a0_m.jpg,0,1
roses/3171577977_8608282f04_m.jpg,0,1
roses/2609353769_dc3654f12f.jpg,0,1
roses/17077876795_6dd1b03f54_m.jpg,0,1
roses/14001990976_bd2da42dbc.jpg,0,1
roses/7147367479_f7a6ef0798.jpg,0,1
roses/2973256732_1926295f35.jpg,0,1
roses/14810868100_87eb739f26_m.jpg,0,1
roses/4654893119_45d232016b.jpg,0,1
roses/12045735155_42547ce4e9_n.jpg,0,1
roses/17040847367_b54d05bf52.jpg,0,1
roses/6864417932_36fa4ceecf_n.jpg,0,1
roses/5398974188_799753449c.jpg,0,1
roses/2677417735_a697052d2d_n.jpg,0,1
roses/537207677_f96a0507bb.jpg,0,1
roses/8667101118_87ea757b15.jpg,0,1
roses/4505921907_21c8002fde.jpg,0,1
roses/4061451210_1650590c6a.jpg,0,1
roses/10503217854_e66a804309.jpg,0,1
roses/17305246720_1866d6303b.jpg,0,1
roses/8747396730_966149e6fe_n.jpg,0,1
roses/563847503_89e9756c80.jpg,0,1
roses/2980099495_cf272e90ca_m.jpg,0,1
sunflowers/6204049536_1ac4f09232_n.jpg,1,0
sunflowers/18828283553_e46504ae38.jpg,1,0
sunflowers/8021568040_f891223c44_n.jpg,1,0
sunflowers/4942258704_c4146b710a_n.jpg,1,0
sunflowers/5979668702_fdaec9e164_n.jpg,1,0
sunflowers/11881770944_22b4f2f8f6_n.jpg,1,0
sunflowers/8928614683_6c168edcfc.jpg,1,0
sunflowers/17148843706_df148301ac_n.jpg,1,0
sunflowers/14925398301_55a180f919_n.jpg,1,0
sunflowers/200557977_bf24d9550b.jpg,1,0
sunflowers/14889392928_9742aed45b_m.jpg,1,0
sunflowers/6953297_8576bf4ea3.jpg,1,0
sunflowers/58636535_bc53ef0a21_m.jpg,1,0
sunflowers/15460162172_014bcce403.jpg,1,0
sunflowers/5923085671_f81dd1cf6f.jpg,1,0
sunflowers/4271193206_666ef60aa0_m.jpg,1,0
sunflowers/4160805260_cf758daeae_n.jpg,1,0
sunflowers/14741866338_bdc8bfc8d5_n.jpg,1,0
sunflowers/4745991955_6804568ae0_n.jpg,1,0
sunflowers/9302733302_2cb92cf275.jpg,1,0
sunflowers/2307673262_e1e1aefd29.jpg,1,0
sunflowers/6141150299_b46a64e4de.jpg,1,0
sunflowers/14969295739_c132a08663_n.jpg,1,0
sunflowers/3568114325_d6b1363497.jpg,1,0
sunflowers/3846717708_ea11383ed8.jpg,1,0
sunflowers/1044296388_912143e1d4.jpg,1,0
sunflowers/2588234269_c4bfd0d8b9_n.jpg,1,0
sunflowers/1880606744_23e3dc4f6b_n.jpg,1,0
sunflowers/7603036176_9e8967cd21.jpg,1,0
sunflowers/23645265812_24352ff6bf.jpg,1,0
sunflowers/9564240106_0577e919da_n.jpg,1,0
sunflowers/4895721788_f10208ab77_n.jpg,1,0
sunflowers/3883895985_bd20198371.jpg,1,0
sunflowers/9655029591_7a77f87500.jpg,1,0
sunflowers/14741812319_e1d32ffb84_n.jpg,1,0
sunflowers/7791014076_07a897cb85_n.jpg,1,0
sunflowers/6606815161_3c4372760f.jpg,1,0
sunflowers/969913643_9d5cd2fe45_m.jpg,1,0
sunflowers/10386503264_e05387e1f7_m.jpg,1,0
sunflowers/15118397087_bfb7ea70d5_n.jpg,1,0
sunflowers/9431896325_23bf6e8761.jpg,1,0
sunflowers/4933229197_ff75a40d55.jpg,1,0
sunflowers/8174970894_7f9a26be7e.jpg,1,0
sunflowers/20777375650_ef854bf645.jpg,1,0
sunflowers/3951246342_930138610b_n.jpg,1,0
sunflowers/3838274225_36010c6254_n.jpg,1,0
sunflowers/4933823194_33f6e32c5a.jpg,1,0
sunflowers/20183071136_c297e74fcc_m.jpg,1,0
sunflowers/3146795631_d062f233c1.jpg,1,0
sunflowers/164671753_ab36d9cbb7_n.jpg,1,0
sunflowers/8174941335_56389b53e9_n.jpg,1,0
sunflowers/3897174387_07aac6bf5f_n.jpg,1,0
sunflowers/4186808407_06688641e2_n.jpg,1,0
sunflowers/9699724719_a8439cc0fd_n.jpg,1,0
sunflowers/184682320_73ccf74710.jpg,1,0
sunflowers/4895124535_11a2bb704c_m.jpg,1,0
sunflowers/7176736574_14446539cb_n.jpg,1,0
sunflowers/8478248531_1a16e232b5.jpg,1,0
sunflowers/5037531593_e2daf4c7f1.jpg,1,0
sunflowers/3514340206_efb8198a80_n.jpg,1,0
sunflowers/21349789961_18ba1af5b7_n.jpg,1,0
sunflowers/14472246629_72373111e6_m.jpg,1,0
sunflowers/7935826214_9b57628203_m.jpg,1,0
sunflowers/16975010069_7afd290657_m.jpg,1,0
sunflowers/5979669004_d9736206c9_n.jpg,1,0
sunflowers/7728953426_abd179ab63.jpg,1,0
sunflowers/27466794_57e4fe5656.jpg,1,0
sunflowers/14925397761_46ecfa24e0.jpg,1,0
sunflowers/23286304156_3635f7de05.jpg,1,0
sunflowers/1064662314_c5a7891b9f_m.jpg,1,0
sunflowers/2067882323_8de6623ffd.jpg,1,0
sunflowers/19453165201_2aa747e0bf.jpg,1,0
sunflowers/15054750690_198b6ab0f2_n.jpg,1,0
sunflowers/3196753837_411b03682d_n.jpg,1,0
sunflowers/13096076565_72c2c60875_n.jpg,1,0
sunflowers/29972905_4cc537ff4b_n.jpg,1,0
sunflowers/4110787181_f73f12d107_m.jpg,1,0
sunflowers/8929213942_5544191250_n.jpg,1,0
sunflowers/13648603305_1268eda8b7_n.jpg,1,0
sunflowers/4019748730_ee09b39a43.jpg,1,0
sunflowers/274848710_5185cf33b1_n.jpg,1,0
sunflowers/9339697826_88c9c4dc50.jpg,1,0
sunflowers/6061175433_95fdb12f32_n.jpg,1,0
sunflowers/15122112402_cafa41934f.jpg,1,0
sunflowers/184682920_97ae41ce60_m.jpg,1,0
sunflowers/9610371852_179e7781ce.jpg,1,0
sunflowers/9588522189_db6166f67f.jpg,1,0
sunflowers/3734999477_7f454081aa_n.jpg,1,0
sunflowers/4814106562_7c3564d2d9_n.jpg,1,0
sunflowers/7586498522_4dcab1c8d2_m.jpg,1,0
sunflowers/4818994715_9d90527d18_n.jpg,1,0
sunflowers/40410686_272bc66faf_m.jpg,1,0
sunflowers/15495578821_92c6d14252_n.jpg,1,0
sunflowers/8041242566_752def876e_n.jpg,1,0
sunflowers/9482209981_bf7bf6022b_m.jpg,1,0
sunflowers/20258015499_93b9951800_m.jpg,1,0
sunflowers/164670176_9f5b9c7965.jpg,1,0
sunflowers/19697910486_0086d893a2.jpg,1,0
sunflowers/7012366081_019c8a17a4_m.jpg,1,0
sunflowers/15054866898_60ee50ec6b_n.jpg,1,0
sunflowers/1314584013_fe935fdeb1_n.jpg,1,0
sunflowers/4816636411_0135bfe2c9_n.jpg,1,0
sunflowers/12471290635_1f9e3aae16_n.jpg,1,0
sunflowers/18843967474_9cb552716b.jpg,1,0
sunflowers/45045005_57354ee844.jpg,1,0
sunflowers/5738580862_e128192f75.jpg,1,0
sunflowers/5025805406_033cb03475_n.jpg,1,0
sunflowers/4869189730_f47c124cda_n.jpg,1,0
sunflowers/5357144886_b78f4782eb.jpg,1,0
sunflowers/9206376642_8348ba5c7a.jpg,1,0
sunflowers/14623720226_aeeac66e0a_n.jpg,1,0
sunflowers/9427945592_07a2676945_n.jpg,1,0
sunflowers/6606809995_edee55b770_m.jpg,1,0
sunflowers/4414084638_03d2db38ae.jpg,1,0
sunflowers/6140892289_92805cc590.jpg,1,0
sunflowers/2598973480_07de93e91d_n.jpg,1,0
sunflowers/13354458753_7b586f7c95_n.jpg,1,0
sunflowers/4933230991_d50c0f7c66.jpg,1,0
sunflowers/10862313945_e8ed9202d9_m.jpg,1,0
sunflowers/14955545254_324cd4ee75.jpg,1,0
sunflowers/877083343_e3338c4125.jpg,1,0
sunflowers/2619000556_6634478e64_n.jpg,1,0
sunflowers/4872892690_52dc25b0b4.jpg,1,0
sunflowers/4895721242_89014e723c_n.jpg,1,0
sunflowers/4890268276_563f40a193.jpg,1,0
sunflowers/15118243470_7e0a7f159c_n.jpg,1,0
sunflowers/15069459615_7e0fd61914_n.jpg,1,0
sunflowers/1419608016_707b887337_n.jpg,1,0
sunflowers/4414083164_3f285f8ac5.jpg,1,0
sunflowers/1022552036_67d33d5bd8_n.jpg,1,0
sunflowers/3001533700_1c62fb8b4a_n.jpg,1,0
sunflowers/6606820461_952c450f90_n.jpg,1,0
sunflowers/3334350831_f8755a2095_n.jpg,1,0
sunflowers/200557983_10a88672fc.jpg,1,0
sunflowers/184682506_8a9b8c662d.jpg,1,0
sunflowers/14144522269_bc20029375_m.jpg,1,0
sunflowers/19756232959_17cde3b9f0_m.jpg,1,0
sunflowers/5293283002_9b17f085f7_m.jpg,1,0
sunflowers/22405882322_d4561f8469_n.jpg,1,0
sunflowers/6482016439_b0d06dac04.jpg,1,0
sunflowers/6239758929_50e5e5a476_m.jpg,1,0
sunflowers/2927020075_54c9186797_n.jpg,1,0
sunflowers/14901528533_ac1ce09063.jpg,1,0
sunflowers/14925397651_97dcddc383_n.jpg,1,0
sunflowers/3912497888_e7a5905bc3_n.jpg,1,0
sunflowers/5970301989_fe3a68aac8_m.jpg,1,0
sunflowers/10386525005_fd0b7d6c55_n.jpg,1,0
sunflowers/2979297519_17a08b37f6_m.jpg,1,0
sunflowers/15030133005_9728102622_z.jpg,1,0
sunflowers/6866250080_ae80df0cd5_m.jpg,1,0
sunflowers/22992257000_76dbc599e7_m.jpg,1,0
sunflowers/6122711533_2c219f0392_n.jpg,1,0
sunflowers/4932144003_cbffc89bf0.jpg,1,0
sunflowers/5223643767_d8beb7e410.jpg,1,0
sunflowers/22686342422_c0b9e2f38e.jpg,1,0
sunflowers/4805544785_a63241f6d0_n.jpg,1,0
sunflowers/4933228903_9ae82d0b9d.jpg,1,0
sunflowers/4806174512_e04475b766_n.jpg,1,0
sunflowers/19519101829_46af0b4547_m.jpg,1,0
sunflowers/7820626738_3be6a52e4e_n.jpg,1,0
sunflowers/22405887122_75eda1872f_m.jpg,1,0
sunflowers/5069564563_ae03792c3c_m.jpg,1,0
sunflowers/4877195645_791c3a83b9_m.jpg,1,0
sunflowers/5927432662_3ffd2461c2_n.jpg,1,0
sunflowers/4813483281_f3707a71e7_n.jpg,1,0
sunflowers/9491955955_d0b2c83834.jpg,1,0
sunflowers/3784815653_5df39aa9c2_m.jpg,1,0
sunflowers/9558632814_e78a780f4f.jpg,1,0
sunflowers/3846907701_e13b66aa87.jpg,1,0
sunflowers/15207507116_8b7f894508_m.jpg,1,0
sunflowers/9381481549_5a5d503e42_n.jpg,1,0
sunflowers/17433282043_441b0a07f4_n.jpg,1,0
sunflowers/23247483352_0defc7a6dc_n.jpg,1,0
sunflowers/15238348741_c2fb12ecf2_m.jpg,1,0
sunflowers/5067864967_19928ca94c_m.jpg,1,0
sunflowers/4933229561_881d4673e7_m.jpg,1,0
sunflowers/1240624822_4111dde542.jpg,1,0
sunflowers/9825716455_f12bcc8d4e_n.jpg,1,0
sunflowers/20704967595_a9c9b8d431.jpg,1,0
sunflowers/8563099326_8be9177101.jpg,1,0
sunflowers/2588453601_66f2a03cca_n.jpg,1,0
sunflowers/5970868068_fe1c8b282e_n.jpg,1,0
sunflowers/1217254584_4b3028b93d.jpg,1,0
sunflowers/7012364067_5ffc7654c9_m.jpg,1,0
sunflowers/8265023280_713f2c69d0_m.jpg,1,0
sunflowers/15054752730_fcf54d475e_m.jpg,1,0
sunflowers/21984860006_20dfacea1c_m.jpg,1,0
sunflowers/310380634_60e6c79989.jpg,1,0
sunflowers/184682652_c927a49226_m.jpg,1,0
sunflowers/6198569587_23c3693328_m.jpg,1,0
sunflowers/215798354_429de28c2d.jpg,1,0
sunflowers/22255608949_172d7c8d22_m.jpg,1,0
sunflowers/5973935729_2868f2db1f_n.jpg,1,0
sunflowers/4933822272_79af205b94.jpg,1,0
sunflowers/21796333524_38fc8e0ab5_n.jpg,1,0
sunflowers/864957037_c75373d1c5.jpg,1,0
sunflowers/20753711039_0b11d24b50_n.jpg,1,0
sunflowers/2816503473_580306e772.jpg,1,0
sunflowers/5139969871_c9046bdaa7_n.jpg,1,0
sunflowers/23356825566_f5885875f2.jpg,1,0
sunflowers/5979111555_61b400c070_n.jpg,1,0
sunflowers/3950020811_dab89bebc0_n.jpg,1,0
sunflowers/15054865768_2cc87ac9d4_m.jpg,1,0
sunflowers/5020805135_1219d7523d.jpg,1,0
sunflowers/35477171_13cb52115c_n.jpg,1,0
sunflowers/40410814_fba3837226_n.jpg,1,0
sunflowers/164668737_aeab0cb55e_n.jpg,1,0
sunflowers/9481563239_01b585b41d_n.jpg,1,0
sunflowers/175638423_058c07afb9.jpg,1,0
sunflowers/9511172241_8aee411e2e.jpg,1,0
sunflowers/2721638730_34a9b7a78b.jpg,1,0
sunflowers/20972866151_e6a928b00a.jpg,1,0
sunflowers/4664767140_fe01231322_n.jpg,1,0
sunflowers/4625255191_26e17a28c9_n.jpg,1,0
sunflowers/147804446_ef9244c8ce_m.jpg,1,0
sunflowers/14121915990_4b76718077_m.jpg,1,0
sunflowers/4932735566_2327bf319a.jpg,1,0
sunflowers/3832945398_96509d192b.jpg,1,0
sunflowers/6908789145_814d448bb1_n.jpg,1,0
sunflowers/4746643626_02b2d056a2_n.jpg,1,0
sunflowers/4933229889_c5d9e36392.jpg,1,0
sunflowers/3798841385_38142ea3c6_n.jpg,1,0
sunflowers/8174972548_0051c2d431.jpg,1,0
sunflowers/8480886751_71d88bfdc0_n.jpg,1,0
sunflowers/193878348_43571127b9_n.jpg,1,0
sunflowers/1297092593_e573c0a3d6.jpg,1,0
sunflowers/20344366953_44fb51051b.jpg,1,0
sunflowers/20183028616_beb937e75c_m.jpg,1,0
sunflowers/8234846550_fdaf326dbe.jpg,1,0
sunflowers/3568925290_faf7aec3a0.jpg,1,0
sunflowers/7721658400_0dec46d225.jpg,1,0
sunflowers/8014734302_65c6e83bb4_m.jpg,1,0
sunflowers/19784656639_cd7f0a4a26_m.jpg,1,0
sunflowers/15054864508_0334b892be_m.jpg,1,0
sunflowers/4804434999_bf2187e96a_n.jpg,1,0
sunflowers/20342824594_9740b7b160.jpg,1,0
sunflowers/9484354480_07ff2ef0a6.jpg,1,0
sunflowers/20148493928_9f75a99783.jpg,1,0
sunflowers/6080086410_17a02dcfb8.jpg,1,0
sunflowers/15266715291_dfa3f1d49f_n.jpg,1,0
sunflowers/5043409092_5b12cc985a_m.jpg,1,0
sunflowers/9904127656_f76a5a4811_m.jpg,1,0
sunflowers/4846786944_2832c5c8b8.jpg,1,0
sunflowers/9535500195_543d0b729b.jpg,1,0
sunflowers/12471443383_b71e7a7480_m.jpg,1,0
sunflowers/2443095419_17b920d155_m.jpg,1,0
sunflowers/22755811033_cd17b109e0.jpg,1,0
sunflowers/4977385375_e271e282f9.jpg,1,0
sunflowers/2328600790_90e2942557_n.jpg,1,0
sunflowers/200557979_a16112aac1_n.jpg,1,0
sunflowers/8202034834_ee0ee91e04_n.jpg,1,0
sunflowers/6125761554_4e72819ce4_m.jpg,1,0
sunflowers/4848279231_c4960e28b2_n.jpg,1,0
sunflowers/8071460469_a7c2c34b97_n.jpg,1,0
sunflowers/4893660821_eb7f02bef3_n.jpg,1,0
sunflowers/2723995667_31f32294b4.jpg,1,0
sunflowers/418056361_1dfac1c151_n.jpg,1,0
sunflowers/15054865217_e398d0dc9f_n.jpg,1,0
sunflowers/10386522775_4f8c616999_m.jpg,1,0
sunflowers/4895122831_83db2ba2d0_n.jpg,1,0
sunflowers/4664737020_b4c61aacd3_n.jpg,1,0
sunflowers/2894191705_a1d2d80c80.jpg,1,0
sunflowers/5970869550_d7d9fabebd_n.jpg,1,0
sunflowers/4831577091_f56157a5d5_n.jpg,1,0
sunflowers/9410186154_465642ed35.jpg,1,0
sunflowers/7804213238_1d92ae5edb_m.jpg,1,0
sunflowers/2720698862_486d3ec079_m.jpg,1,0
sunflowers/14646280372_dd50be16e4_n.jpg,1,0
sunflowers/4940287066_385afd9c18_m.jpg,1,0
sunflowers/9610373748_b9cb67bd55.jpg,1,0
sunflowers/14741813010_5d44e33088_n.jpg,1,0
sunflowers/3922005347_7b6fb82fcd.jpg,1,0
sunflowers/15240466871_ec45b65554_m.jpg,1,0
sunflowers/3001531316_efae24d37d_n.jpg,1,0
sunflowers/1022552002_2b93faf9e7_n.jpg,1,0
sunflowers/9599534035_ae4df582b6.jpg,1,0
sunflowers/21134000558_d7d6c9b1fe_n.jpg,1,0
sunflowers/8081530919_c882d46bb0_n.jpg,1,0
sunflowers/4933824130_b99839a80d.jpg,1,0
sunflowers/14814264272_4b39a102f9_n.jpg,1,0
sunflowers/7270375648_79f0caef42_n.jpg,1,0
sunflowers/3154932076_eff5c38231_n.jpg,1,0
sunflowers/6265084065_7a8b30cc6e_n.jpg,1,0
sunflowers/14928117202_139d2142cc_n.jpg,1,0
sunflowers/215798357_3f4bfa27b7.jpg,1,0
sunflowers/3731075939_6c92d7fe68_m.jpg,1,0
sunflowers/14646283472_50a3ae1395.jpg,1,0
sunflowers/2733109082_1351f6738a_n.jpg,1,0
sunflowers/3766264038_ea701c7131_n.jpg,1,0
sunflowers/15241431045_65201cf15a_n.jpg,1,0
sunflowers/1043442695_4556c4c13d_n.jpg,1,0
sunflowers/15042911059_b6153d94e7_n.jpg,1,0
sunflowers/7857605684_fc86440c23.jpg,1,0
sunflowers/16143151468_4f3c033e33.jpg,1,0
sunflowers/6140661443_bb48344226.jpg,1,0
sunflowers/23204123212_ef32fbafbe.jpg,1,0
sunflowers/4933822422_4f54fc7cc8.jpg,1,0
sunflowers/15683877266_42e0fe3782_n.jpg,1,0
sunflowers/1244774242_25a20d99a9.jpg,1,0
sunflowers/20407896403_a50fef58ac_n.jpg,1,0
sunflowers/8368015811_2893411cf7_n.jpg,1,0
sunflowers/4933230395_7930697335_m.jpg,1,0
sunflowers/8038712786_5bdeed3c7f_m.jpg,1,0
sunflowers/4933823922_911ac40b0d.jpg,1,0
sunflowers/4746648726_e37a2de16d_n.jpg,1,0
sunflowers/6482016425_d8fab362f6.jpg,1,0
sunflowers/14460081668_eda8795693_m.jpg,1,0
sunflowers/2807106374_f422b5f00c.jpg,1,0
sunflowers/287233531_74d4605814_m.jpg,1,0
sunflowers/127192624_afa3d9cb84.jpg,1,0
sunflowers/5139971615_434ff8ed8b_n.jpg,1,0
sunflowers/5957007921_62333981d2_n.jpg,1,0
sunflowers/5042785753_392cc4e74d_n.jpg,1,0
sunflowers/13117907313_86c99c6441.jpg,1,0
sunflowers/16832961488_5f7e70eb5e_n.jpg,1,0
sunflowers/10386525695_2c38fea555_n.jpg,1,0
sunflowers/15745084272_36402f5ee6_n.jpg,1,0
sunflowers/9558628596_722c29ec60_m.jpg,1,0
sunflowers/15081164641_45a7b92b3a_m.jpg,1,0
sunflowers/3893436870_034b79d118_n.jpg,1,0
sunflowers/3848405800_8eea982c40.jpg,1,0
sunflowers/2767658405_1e2043f44c_n.jpg,1,0
sunflowers/5330608174_b49f7a4c48_m.jpg,1,0
sunflowers/9610374042_bb16cded3d.jpg,1,0
sunflowers/14925397351_c7f209d804_n.jpg,1,0
sunflowers/15380755137_a2e67839ab_m.jpg,1,0
sunflowers/14244410747_22691ece4a_n.jpg,1,0
sunflowers/4755075329_1fccc69d4e.jpg,1,0
sunflowers/265422922_bbbde781d2_m.jpg,1,0
sunflowers/15043962658_dcf9dff5e9_n.jpg,1,0
sunflowers/8929274876_17efc1774a_n.jpg,1,0
sunflowers/2443921986_d4582c123a.jpg,1,0
sunflowers/4933821940_38064522a8.jpg,1,0
sunflowers/2689228449_e0be72cf00_n.jpg,1,0
sunflowers/4623843480_23e3fb8dcc_n.jpg,1,0
sunflowers/1788133737_b1133d1aa7.jpg,1,0
sunflowers/2575272111_f04d79b9af_n.jpg,1,0
sunflowers/857698097_8068a2c135_n.jpg,1,0
sunflowers/9448615838_04078d09bf_n.jpg,1,0
sunflowers/9610098411_f1613c8e14.jpg,1,0
sunflowers/5043409856_395300dbe5_m.jpg,1,0
sunflowers/5028817729_f04d32bac8_n.jpg,1,0
sunflowers/18097401209_910a46fae1_n.jpg,1,0
sunflowers/7176729016_d73ff2211e.jpg,1,0
sunflowers/9485002920_59af6f4cac.jpg,1,0
sunflowers/20667988875_6e73ac2879_n.jpg,1,0
sunflowers/6053739964_a1d9ab3ed1_n.jpg,1,0
sunflowers/2442985637_8748180f69.jpg,1,0
sunflowers/6145005439_ef6e07f9c6_n.jpg,1,0
sunflowers/2949654221_909b0c86a1_n.jpg,1,0
sunflowers/14266917699_91b207888e.jpg,1,0
sunflowers/6104713425_8a3277e34a.jpg,1,0
sunflowers/4398771472_44f2a0c162_n.jpg,1,0
sunflowers/4042816698_578a1d599e.jpg,1,0
sunflowers/15218871222_c104032ca1.jpg,1,0
sunflowers/18972803569_1a0634f398_m.jpg,1,0
sunflowers/5970300143_36b42437de_n.jpg,1,0
sunflowers/14921668662_3ffc5b9db3_n.jpg,1,0
sunflowers/22416421196_caf131c9fa_m.jpg,1,0
sunflowers/4528959364_fa544b0f4e_m.jpg,1,0
sunflowers/15973657966_d6f6005539_n.jpg,1,0
sunflowers/5951665793_8ae4807cbd_n.jpg,1,0
sunflowers/15122871130_6a7d0b4372_n.jpg,1,0
sunflowers/16656015339_2ccb7cd18d.jpg,1,0
sunflowers/45045003_30bbd0a142_m.jpg,1,0
sunflowers/15493195788_60530f2398_m.jpg,1,0
sunflowers/7176729812_7c053921fb_m.jpg,1,0
sunflowers/20022771089_3cc7e5086d_m.jpg,1,0
sunflowers/678714585_addc9aaaef.jpg,1,0
sunflowers/5556633113_0a04f5ed8a_n.jpg,1,0
sunflowers/15054864058_2edca122a9_n.jpg,1,0
sunflowers/9384867134_83af458a19_n.jpg,1,0
sunflowers/9610373158_5250bce6ac_n.jpg,1,0
sunflowers/4746638094_f5336788a0_n.jpg,1,0
sunflowers/20156280765_a6baea3176.jpg,1,0
sunflowers/9555827829_74e6f60f1d_m.jpg,1,0
sunflowers/50987813_7484bfbcdf.jpg,1,0
sunflowers/200011914_93f57ed68b.jpg,1,0
sunflowers/4933229479_c1708bd503.jpg,1,0
sunflowers/8192234807_fed4a46f1a_n.jpg,1,0
sunflowers/15108515192_f686dce398_n.jpg,1,0
sunflowers/8249000137_eddfffa380_n.jpg,1,0
sunflowers/7652532108_01ef94c476.jpg,1,0
sunflowers/197011740_21825de2bf.jpg,1,0
sunflowers/3596902268_049e33a2cb_n.jpg,1,0
sunflowers/1485456230_58d8e45e88.jpg,1,0
sunflowers/21518663809_3d69f5b995_n.jpg,1,0
sunflowers/20171662239_f69b6c12bd_n.jpg,1,0
sunflowers/4872284527_ff52128b97.jpg,1,0
sunflowers/4191299785_a4faca9b74_n.jpg,1,0
sunflowers/9240129413_f240ce7866_n.jpg,1,0
sunflowers/4932736136_0115955987.jpg,1,0
sunflowers/2979133707_84aab35b5d.jpg,1,0
sunflowers/3681233294_4f06cd8903.jpg,1,0
sunflowers/9461693602_710f20904f.jpg,1,0
sunflowers/4933823300_39fd4420b6.jpg,1,0
sunflowers/3062794421_295f8c2c4e.jpg,1,0
sunflowers/6606743797_c90c669757.jpg,1,0
sunflowers/15054751430_5af76f6096_n.jpg,1,0
sunflowers/8543642705_b841b0e5f6.jpg,1,0
sunflowers/4933229095_f7e4218b28.jpg,1,0
sunflowers/5032376020_2ed312306c.jpg,1,0
sunflowers/2706304885_4916102704_n.jpg,1,0
sunflowers/9216286162_6ceefdd1b4_m.jpg,1,0
sunflowers/8705462313_4458d64cd4.jpg,1,0
sunflowers/3912497870_a2f91c3a65_n.jpg,1,0
sunflowers/15472217046_2699b25584.jpg,1,0
sunflowers/1240626292_52cd5d7fb1_m.jpg,1,0
sunflowers/24459548_27a783feda.jpg,1,0
sunflowers/3466923719_b4b6df7f8b_n.jpg,1,0
sunflowers/5526324308_b333da0e57_n.jpg,1,0
sunflowers/15123604714_dd034a4a3b_n.jpg,1,0
sunflowers/6199086734_b7ddc65816_m.jpg,1,0
sunflowers/5994569021_749d5e2da3_n.jpg,1,0
sunflowers/235651658_a7b3e7cbdd.jpg,1,0
sunflowers/4746668678_0e2693b1b9_n.jpg,1,0
sunflowers/6958724008_12259943a7.jpg,1,0
sunflowers/15241052342_466b38b68d.jpg,1,0
sunflowers/19915160340_ec904edbdf_n.jpg,1,0
sunflowers/10386540696_0a95ee53a8_n.jpg,1,0
sunflowers/4932735362_6e1017140f.jpg,1,0
sunflowers/6198569425_e953b9e6cc_m.jpg,1,0
sunflowers/5437996076_cf7e2ac32e_n.jpg,1,0
sunflowers/23894449029_bf0f34d35d_n.jpg,1,0
sunflowers/4932736308_827012cff2.jpg,1,0
sunflowers/184682095_46f8607278.jpg,1,0
sunflowers/2944298800_1984bd4f8a_m.jpg,1,0
sunflowers/5955500463_6c08cb199e.jpg,1,0
sunflowers/5917253022_4e3142d48b_n.jpg,1,0
sunflowers/20406385204_469f6749e2_n.jpg,1,0
sunflowers/4235259239_21f2eb4f2e.jpg,1,0
sunflowers/13959937305_2f5c532886_n.jpg,1,0
sunflowers/5998488415_a6bacd9f83.jpg,1,0
sunflowers/14741907467_fab96f3b2b_n.jpg,1,0
sunflowers/7581713708_8eae6794f2.jpg,1,0
sunflowers/7510240282_87554c7418_n.jpg,1,0
sunflowers/20658775992_1619cd0a9b_n.jpg,1,0
sunflowers/22429146402_332fa2fc72_m.jpg,1,0
sunflowers/9216286876_289a4779f7.jpg,1,0
sunflowers/9558627290_353a14ba0b_m.jpg,1,0
sunflowers/3311874685_7b9ef10f7e_m.jpg,1,0
sunflowers/8174935717_d19367d502.jpg,1,0
sunflowers/14858674096_ed0fc1a130.jpg,1,0
sunflowers/10386702973_e74a34c806_n.jpg,1,0
sunflowers/3894586562_5dbbdc4354_n.jpg,1,0
sunflowers/14741813110_94964c39e2_n.jpg,1,0
sunflowers/5979111025_3bcae48ae6_n.jpg,1,0
sunflowers/9555824387_32b151e9b0_m.jpg,1,0
sunflowers/21821266773_7113d34c35_m.jpg,1,0
sunflowers/3683873444_be4a609c46.jpg,1,0
sunflowers/9445830851_e9a126fd1d_n.jpg,1,0
sunflowers/2996573407_5e473b9359.jpg,1,0
sunflowers/20621698991_dcb323911d.jpg,1,0
sunflowers/4745980581_a0b7585258_n.jpg,1,0
sunflowers/5896354497_6a19162741.jpg,1,0
sunflowers/6606746467_a668c8d417.jpg,1,0
sunflowers/5231868667_f0baa71feb_n.jpg,1,0
sunflowers/12282924083_fb80aa17d4_n.jpg,1,0
sunflowers/16988605969_570329ff20_n.jpg,1,0
sunflowers/2759796022_55bd47bfa2_n.jpg,1,0
sunflowers/14698136411_23bdcff7bf_n.jpg,1,0
sunflowers/15218421476_9d5f38e732_m.jpg,1,0
sunflowers/20905163782_312e2c3bda_n.jpg,1,0
sunflowers/4914793782_d0ea760791.jpg,1,0
sunflowers/12471791574_bb1be83df4.jpg,1,0
sunflowers/1379256773_bb2eb0d95b_n.jpg,1,0
sunflowers/4933824012_8cbfe606f6.jpg,1,0
sunflowers/26254755_1bfc494ef1_n.jpg,1,0
sunflowers/9431890901_cd11bda584_n.jpg,1,0
sunflowers/14646281372_5f13794b47.jpg,1,0
sunflowers/4080112931_cb20b3d51a_n.jpg,1,0
sunflowers/200288046_0032f322ff_n.jpg,1,0
sunflowers/14889779907_3d401bbac7_m.jpg,1,0
sunflowers/13095941995_9a66faa713_n.jpg,1,0
sunflowers/2823659190_afdabee45c.jpg,1,0
sunflowers/14925398441_107f3e0304_n.jpg,1,0
sunflowers/4895718876_0246882882_n.jpg,1,0
sunflowers/10386540106_1431e73086_m.jpg,1,0
sunflowers/9309473873_9d62b9082e.jpg,1,0
sunflowers/20871601265_daa4be4291_n.jpg,1,0
sunflowers/2940221732_3507f3e927_n.jpg,1,0
sunflowers/6116210027_61923f4b64.jpg,1,0
sunflowers/22203670478_9ec5c2700b_n.jpg,1,0
sunflowers/4895720722_8247f2015b_n.jpg,1,0
sunflowers/4927658421_7eed83bc95_m.jpg,1,0
sunflowers/15054866658_c1a6223403_m.jpg,1,0
sunflowers/4341530649_c17bbc5d01.jpg,1,0
sunflowers/3858508462_db2b9692d1.jpg,1,0
sunflowers/9651392844_77f90589ba_n.jpg,1,0
sunflowers/6606806621_5267acdd38.jpg,1,0
sunflowers/14397276020_49f9423614.jpg,1,0
sunflowers/5339004958_a0a6f385fd_m.jpg,1,0
sunflowers/9681915384_b3b646dc92_m.jpg,1,0
sunflowers/4878447831_e904c60cf8_n.jpg,1,0
sunflowers/4626721387_88f89d5cc9_n.jpg,1,0
sunflowers/6140693467_211a135b6d.jpg,1,0
sunflowers/821368661_4ab4343f5a.jpg,1,0
sunflowers/22429946721_e17a12cb39_n.jpg,1,0
sunflowers/4745985619_249078cafa_n.jpg,1,0
sunflowers/3749091071_c146b33c74_n.jpg,1,0
sunflowers/7820523050_76c8caa025.jpg,1,0
sunflowers/19359539074_d7e32e6616_n.jpg,1,0
sunflowers/14646279002_9cdf97be97_n.jpg,1,0
sunflowers/20410697750_c43973d1eb.jpg,1,0
sunflowers/5076821914_c21b58fd4c_m.jpg,1,0
sunflowers/5830614551_e460a1215c.jpg,1,0
sunflowers/20410533613_56da1cce7c.jpg,1,0
sunflowers/5923649444_a823e534e9.jpg,1,0
sunflowers/9399711558_7cb9547cd3_n.jpg,1,0
sunflowers/6074427492_1b5bab7848_n.jpg,1,0
sunflowers/5994572653_ea98afa3af_n.jpg,1,0
sunflowers/6606817351_10f6e43a09.jpg,1,0
sunflowers/4933229357_1c5cc03f65_m.jpg,1,0
sunflowers/5020805619_6c710793f7.jpg,1,0
sunflowers/5955475577_3d923874d9_n.jpg,1,0
sunflowers/4980406384_791774d953.jpg,1,0
sunflowers/4689061249_6498da5013.jpg,1,0
sunflowers/5955501969_e42f038a6f_n.jpg,1,0
sunflowers/4933230247_a0432f01da.jpg,1,0
sunflowers/4989952542_35f2cdd5e2_n.jpg,1,0
sunflowers/4895719476_bd3b6bd6fd_n.jpg,1,0
sunflowers/8481979626_98c9f88848_n.jpg,1,0
sunflowers/19442589512_e733cfea0f.jpg,1,0
sunflowers/2803725948_5fd1f2fc99_n.jpg,1,0
sunflowers/1267876087_a1b3c63dc9.jpg,1,0
sunflowers/6141199476_9b6d383fd9.jpg,1,0
sunflowers/18237156988_9ceb46a8de_n.jpg,1,0
sunflowers/9497774935_a7daec5433_n.jpg,1,0
sunflowers/27465811_9477c9d044.jpg,1,0
sunflowers/15054753070_4f6ae0e763_m.jpg,1,0
sunflowers/9359374034_21fb12d613_n.jpg,1,0
sunflowers/4847062576_bae870479c_n.jpg,1,0
sunflowers/5979111199_495884b578_n.jpg,1,0
sunflowers/5995136822_8e1eed76f5_n.jpg,1,0
sunflowers/9240005603_6a9b71dcea_n.jpg,1,0
sunflowers/5139977579_ea2dd6a322_m.jpg,1,0
sunflowers/5999024446_5721493894.jpg,1,0
sunflowers/39271782_b4335d09ae_n.jpg,1,0
sunflowers/2678588376_6ca64a4a54_n.jpg,1,0
sunflowers/201809908_0ef84bb351.jpg,1,0
sunflowers/7654774598_6b715a8d3e.jpg,1,0
sunflowers/3665455426_9cd1c3af4a_n.jpg,1,0
sunflowers/9460336948_6ae968be93.jpg,1,0
sunflowers/5139977423_d413b23fde_m.jpg,1,0
sunflowers/4673984698_6ec14d5b79.jpg,1,0
sunflowers/14646282112_447cc7d1f9.jpg,1,0
sunflowers/9213511121_836a458021_m.jpg,1,0
sunflowers/2960610406_b61930727f_n.jpg,1,0
sunflowers/3575811488_a31714472a.jpg,1,0
sunflowers/4414081772_8a0e8a1327.jpg,1,0
sunflowers/3815322974_52c12dbde3.jpg,1,0
sunflowers/21728822928_9f6817325a_n.jpg,1,0
sunflowers/6250692311_cb60c85ee9_n.jpg,1,0
sunflowers/5015462205_440898fe41_n.jpg,1,0
sunflowers/5923085891_27617463fe.jpg,1,0
sunflowers/19508264965_d1dfb565ea_n.jpg,1,0
sunflowers/1484598527_579a272f53.jpg,1,0
sunflowers/44079668_34dfee3da1_n.jpg,1,0
sunflowers/1240625276_fb3bd0c7b1.jpg,1,0
sunflowers/6166888942_7058198713_m.jpg,1,0
sunflowers/2950505226_529e013bf7_m.jpg,1,0
sunflowers/6495559397_61d01c0c57.jpg,1,0
sunflowers/5139977283_530c508603_n.jpg,1,0
sunflowers/40411100_7fbe10ec0f_n.jpg,1,0
sunflowers/6112510436_9fe06e695a_n.jpg,1,0
sunflowers/5037790727_57c527494f.jpg,1,0
sunflowers/19349582128_68a662075e_n.jpg,1,0
sunflowers/5139969631_743880e01d_n.jpg,1,0
sunflowers/15495579081_661cb260d1_n.jpg,1,0
sunflowers/2883115621_4837267ea1_m.jpg,1,0
sunflowers/15072973261_73e2912ef2_n.jpg,1,0
sunflowers/9497774249_7f5ae70927_m.jpg,1,0
sunflowers/15026703621_e15e9d55f0_n.jpg,1,0
sunflowers/210076535_80951bc5d5.jpg,1,0
sunflowers/8292914969_4a76608250_m.jpg,1,0
sunflowers/8014735546_3db46bb1fe_n.jpg,1,0
sunflowers/6606749757_b98a4ba403.jpg,1,0
sunflowers/5967283168_90dd4daf28_n.jpg,1,0
sunflowers/265450085_6e9f276e2e.jpg,1,0
sunflowers/6627521877_6e43fb3c49_m.jpg,1,0
sunflowers/2980154410_bffd7a3452_n.jpg,1,0
sunflowers/19710076021_f5bb162540.jpg,1,0
sunflowers/1008566138_6927679c8a.jpg,1,0
sunflowers/16616096711_12375a0260_n.jpg,1,0
sunflowers/20777358950_c63ea569a1.jpg,1,0
sunflowers/4821232343_7e0bcfbfdf_n.jpg,1,0
sunflowers/4755705724_976621a1e7.jpg,1,0
sunflowers/3840761441_7c648abf4d_n.jpg,1,0
sunflowers/7369484298_332f69bd88_n.jpg,1,0
sunflowers/193874852_fb633d8d00_n.jpg,1,0
sunflowers/4868595281_1e58083785.jpg,1,0
sunflowers/2694860538_b95d60122c_m.jpg,1,0
sunflowers/20344282483_05abb0b837.jpg,1,0
sunflowers/5027895361_ace3b731e5_n.jpg,1,0
sunflowers/6140808687_88df0fd733.jpg,1,0
sunflowers/8929288228_6795bcb1fe.jpg,1,0
sunflowers/8266310743_02095e782d_m.jpg,1,0
sunflowers/22183521655_56221bf2a4_n.jpg,1,0
sunflowers/5967284308_85714d8cf7_m.jpg,1,0
sunflowers/151898652_b5f1c70b98_n.jpg,1,0
sunflowers/19504937128_a4ae90fcbd_m.jpg,1,0
sunflowers/6606823367_e89dc52a95_n.jpg,1,0
sunflowers/4933230547_394f618009_m.jpg,1,0
sunflowers/274846229_990e976683_n.jpg,1,0
sunflowers/9783416751_b2a03920f7_n.jpg,1,0
sunflowers/5007598545_90e08e81c1_n.jpg,1,0
sunflowers/7820305664_82148f3bfb_n.jpg,1,0
sunflowers/18250039435_7654bc11be_n.jpg,1,0
sunflowers/20972862281_5367f4af88.jpg,1,0
sunflowers/184683023_737fec5b18.jpg,1,0
sunflowers/9111896677_ff0b6fa6f6_n.jpg,1,0
sunflowers/253586685_ee5b5f5232.jpg,1,0
sunflowers/4933822052_2dfef02517.jpg,1,0
sunflowers/2767688889_b176b0c3fb.jpg,1,0
sunflowers/1596293240_2d5b53495a_m.jpg,1,0
sunflowers/3865206264_5d81584bba.jpg,1,0
sunflowers/145303599_2627e23815_n.jpg,1,0
sunflowers/2729206569_9dd2b5a3ed.jpg,1,0
sunflowers/5018120483_cc0421b176_m.jpg,1,0
sunflowers/18766965343_9f42d4bedc_m.jpg,1,0
sunflowers/4489516263_e49fe82637_n.jpg,1,0
sunflowers/14348961225_09bd803317_n.jpg,1,0
sunflowers/19710925313_31682fa22b_m.jpg,1,0
sunflowers/14623719696_1bb7970208_n.jpg,1,0
sunflowers/5043404000_9bc16cb7e5_m.jpg,1,0
sunflowers/6606753075_72ee32aa30_m.jpg,1,0
sunflowers/15839183375_49bf4f75e8_m.jpg,1,0
sunflowers/15243175532_ac28c48e14_m.jpg,1,0
sunflowers/7176723954_e41618edc1_n.jpg,1,0
sunflowers/2425164088_4a5d2cdf21_n.jpg,1,0
sunflowers/21995435890_e5672244a4_m.jpg,1,0
sunflowers/164670455_29d8e02bbd_n.jpg,1,0
sunflowers/6050020905_881295ac72_n.jpg,1,0
sunflowers/3154932290_4bf43bd34f_n.jpg,1,0
sunflowers/18237215308_a158d49f28_n.jpg,1,0
sunflowers/40411019_526f3fc8d9_m.jpg,1,0
sunflowers/3749090865_b90f28a585_n.jpg,1,0
sunflowers/20481273479_d459834a3e_n.jpg,1,0
sunflowers/9056495873_66e351b17c_n.jpg,1,0
sunflowers/7820398908_4316bbba45.jpg,1,0
sunflowers/22478719251_276cb094f9_n.jpg,1,0
sunflowers/3594967811_697184b026_n.jpg,1,0
sunflowers/21374127408_5ffbe87bb2.jpg,1,0
sunflowers/5952223760_85972671d6_n.jpg,1,0
sunflowers/7510285306_ba8f80c382_n.jpg,1,0
sunflowers/9538283930_0faea083bb_n.jpg,1,0
sunflowers/14881304632_54a9dfb8be.jpg,1,0
sunflowers/2816256710_a2d3616fae.jpg,1,0
sunflowers/5966729883_67f4fede93.jpg,1,0
sunflowers/244074259_47ce6d3ef9.jpg,1,0
sunflowers/417251603_69f0ee57a9_m.jpg,1,0
sunflowers/24459750_eb49f6e4cb_m.jpg,1,0
sunflowers/2895404754_6d9f9416d7_n.jpg,1,0
sunflowers/4932143849_018486cbf7.jpg,1,0
sunflowers/6061177447_d8ce96aee0.jpg,1,0
sunflowers/9375675309_987d32f99e_n.jpg,1,0
sunflowers/3001536784_3bfd101b23_n.jpg,1,0
sunflowers/9231555352_d2dd8f8e68_m.jpg,1,0
sunflowers/7510262868_cf7d6f6f25_n.jpg,1,0
sunflowers/14932787983_d6e05f2434_m.jpg,1,0
sunflowers/4414080766_5116e8084e.jpg,1,0
sunflowers/14244273988_a7484f18b7_m.jpg,1,0
sunflowers/9558630626_52a1b7d702_m.jpg,1,0
sunflowers/1715303025_e7065327e2.jpg,1,0
sunflowers/5492906452_80943bfd04.jpg,1,0
sunflowers/2883115609_5a69357b5d_m.jpg,1,0
sunflowers/6606741847_f0198d83ff.jpg,1,0
sunflowers/20965412955_2c640b13bd.jpg,1,0
sunflowers/6606813305_c992231d29_m.jpg,1,0
sunflowers/22419079265_8902cddb7d_n.jpg,1,0
sunflowers/9432335346_e298e47713_n.jpg,1,0
sunflowers/18828277053_1493158b28.jpg,1,0
sunflowers/6042014768_b57f0bfc79_n.jpg,1,0
sunflowers/164672339_f2b5b164f6.jpg,1,0
sunflowers/7530313068_ddd2dc1f44_m.jpg,1,0
sunflowers/8174935013_b16626b49b.jpg,1,0
sunflowers/4871455214_8b5fb87ab6_n.jpg,1,0
sunflowers/14678298676_6db8831ee6_m.jpg,1,0
sunflowers/9483429732_5ae73eb672_n.jpg,1,0
sunflowers/200557981_f800fa1af9.jpg,1,0
sunflowers/2697194548_ec8f8de97c_n.jpg,1,0
sunflowers/19595718862_c68896370c_m.jpg,1,0
sunflowers/2706736074_b0fba20b3e.jpg,1,0
sunflowers/22183529245_ce13557515_m.jpg,1,0
sunflowers/215798352_184d8040d1.jpg,1,0
sunflowers/9246304620_768d1f54d7_n.jpg,1,0
sunflowers/12471441503_d188b5f31a_m.jpg,1,0
sunflowers/15191613243_82ee8e0fe8.jpg,1,0
sunflowers/16967372357_15b1b9a812_n.jpg,1,0
sunflowers/4933230161_12f3ee7587.jpg,1,0
sunflowers/40410963_3ac280f23a_n.jpg,1,0
sunflowers/6133988570_9dc778e622_m.jpg,1,0
sunflowers/8928658373_fdca5ff1b8.jpg,1,0
sunflowers/5994586159_1dd99d66b4_n.jpg,1,0
sunflowers/6495554833_86eb8faa8e_n.jpg,1,0
sunflowers/20078409301_aa8061bd0b_n.jpg,1,0
sunflowers/14460075029_5cd715bb72_m.jpg,1,0
sunflowers/5004121118_e9393e60d0_n.jpg,1,0
sunflowers/15066430311_fb57fa92b0_m.jpg,1,0